SCCR,,,,,,,,,,,,,,,,,
,Diesel,,,Diesel Exhaust Fluid,,Other,,Unleaded,,,,,,,,,
Month, Gallons ,$/gallon,Total, Gallons ,Total, Gallons ,Total, Gallons ,$/gallon,Total, Total Sum of Gallons ,Total,Diesel Price Increase/Gallon,Unleaded Price Increase/Gallon,,,
2025,,,,,,,,,,,,,,,,,
Jan 2025,  55.40 ,$4.21,$233.12,,,  -   ,$393.35,"  6,977.77 ",$4.33,"$30,242.16","  7,033.16 ","$30,868.63",,,,,
Feb,  106.75 ,$4.08,$435.26,,,  -   ,$69.17,"  6,350.11 ",$4.64,"$29,452.68","  6,456.86 ","$29,957.11",-3.1%,7.0%,,,
Mar,  119.82 ,$4.82,$577.84,,,,,"  7,179.99 ",$4.62,"$33,192.95","  7,299.81 ","$33,770.79",18.3%,-0.3%,,,
Apr,  129.89 ,$4.60,$597.71,,,,$234.82,"  7,934.52 ",$4.83,"$38,316.59","  8,064.41 ","$39,149.12",-4.6%,4.5%,,,
May,  242.54 ,$4.83,"$1,171.66",,,,$132.02,"  8,608.67 ",$4.73,"$40,758.31","  8,851.22 ","$42,061.99",5.0%,-2.0%,,,
Jun,  139.81 ,$5.01,$700.44,,,,$32.92,"  8,270.54 ",$4.60,"$38,020.53","  8,410.35 ","$38,753.89",3.7%,-2.9%,,,
Jul,  20.09 ,$4.95,$99.43,,,  -   ,$78.92,"  9,169.66 ",$4.42,"$40,562.52","  9,189.75 ","$40,740.87",-1.2%,-3.8%,,,
Aug,  131.12 ,$4.84,$635.14,,,,$15.45,"  9,269.01 ",$4.48,"$41,524.21","  9,400.13 ","$42,174.80",-2.1%,1.3%,,,
Sep,  99.46 ,$4.58,$455.03,,,,$114.79,"  8,108.58 ",$4.64,"$37,647.86","  8,208.04 ","$38,217.68",-5.6%,3.6%,,,
Oct,  198.90 ,$4.87,$969.00,,,,$78.32,"  8,920.29 ",$4.66,"$41,589.74","  9,119.19 ","$42,637.06",6.5%,0.4%,,,
Nov,  155.60 ,$4.72,$734.24,,,,$110.02,"  6,734.40 ",$4.69,"$31,590.35","  6,890.00 ","$32,434.61",-3.1%,0.6%,,,
Dec,  82.14 ,$4.53,$371.96,,,,,"  7,597.93 ",$4.40,"$33,432.05","  7,680.06 ","$33,804.01",-4.0%,-6.2%,,,
Jan 2026,  61.05 ,$4.59,$280.31,,,  19.39 ,$81.99,"  7,229.37 ",$4.22,"$30,526.38","  7,309.81 ","$30,888.68",1.4%,-4.0%,,,
Feb,  63.73 ,$4.07,$259.48,,,  14.30 ,$116.82,"  6,510.03 ",$4.53,"$29,502.81","  6,588.06 ","$29,879.11",-11.3%,7.3%,,,
Mar,  104.26 ,$7.06,$736.49,,,,$307.21,"  8,038.49 ",$5.42,"$43,541.76","  8,174.28 ","$44,585.46",73.5%,19.5%,,,
,,,,,,,,,,,,,,,,,
,,,,,,,,,,,,,,,,,
Plumbing,,,,,,,,,,,,,,,,,
,Diesel,,,Diesel Exhaust Fluid,,Other,,Unleaded,,,,,,,,,
Month, Gallons ,$/gallon,Total, Gallons ,Total, Gallons ,Total, Gallons ,$/gallon,Total, Total Sum of Gallons ,Total  ,Diesel Price Increase/Gallon,Unleaded Price Increase/Gallon,,,
2025,,,,,,,,,,,,,,,,,
Jan 2025,,,,,,0,$218.70,"  6,320.19 ",$3.55,"$22,467.89","  6,320.19 ","$22,686.59",,,,,
Feb,,,,,,0,$150.71,"  5,483.65 ",$3.75,"$20,567.24","  5,483.65 ","$20,717.95",,5.5%,,,
Mar,  16.33 ,$3.35,$54.67,,,,$88.63,"  6,581.42 ",$3.71,"$24,410.03","  6,597.74 ","$24,553.33",,-1.1%,,,
Apr,  32.92 ,$3.95,$129.99,,,,$75.02,"  7,117.96 ",$3.94,"$28,037.75","  7,150.87 ","$28,242.76",17.9%,6.2%,,,
May,  73.41 ,$3.64,$267.43,,,,$81.84,"  7,483.09 ",$3.93,"$29,396.75","  7,556.50 ","$29,746.02",-7.8%,-0.3%,,,
Jun,  52.89 ,$4.00,$211.42,,,0,$264.58,"  7,179.47 ",$3.80,"$27,266.58","  7,232.37 ","$27,742.58",9.7%,-3.3%,,,
Jul,  108.25 ,$4.25,$460.05,,,,$75.39,"  8,068.94 ",$3.73,"$30,124.23","  8,177.19 ","$30,659.67",6.3%,-1.7%,,,
Aug,  60.19 ,$3.99,$240.24,,,,$210.29,"  7,877.22 ",$3.81,"$30,029.41","  7,937.42 ","$30,479.94",-6.1%,2.1%,,,
Sep,  136.06 ,$3.93,$534.34,,,0,$98.26,"  6,419.05 ",$3.91,"$25,085.20","  6,555.10 ","$25,717.80",-1.6%,2.5%,,,
Oct,  91.57 ,$4.00,$365.98,,,,,"  6,806.83 ",$3.84,"$26,118.20","  6,898.40 ","$26,484.18",1.8%,-1.8%,,,
Nov,  33.13 ,$4.05,$134.13,,,,,"  4,691.40 ",$3.88,"$18,197.64","  4,724.52 ","$18,331.77",1.3%,1.1%,,,
Dec,  280.09 ,$3.53,$988.42,,,,$99.24,"  5,061.24 ",$3.49,"$17,646.83","  5,341.33 ","$18,734.49",-12.8%,-10.1%,,,
Jan 2026,  252.91 ,$3.77,$952.45,,,,$78.41,"  4,568.54 ",$3.37,"$15,389.13","  4,821.45 ","$16,419.99",6.7%,-3.4%,,,
Feb,  62.15 ,$4.16,$258.52,,,,,"  4,172.21 ",$3.64,"$15,173.18","  4,234.36 ","$15,431.70",10.5%,8.0%,,,
Mar,  87.11 ,$5.14,$448.12,,,,,"  4,526.61 ",$4.48,"$20,275.73","  4,613.71 ","$20,723.85",23.7%,23.2%,,,
,,,,,,,,,,,,,,,,,
,,,,,,,,,,,,,,,,,
SSRFG,,,,,,,,,,,,,,,,,
,Diesel,,,Diesel Exhaust Fluid,,Other,,Unleaded,,,,,,,,,
Month, Gallons ,$/gallon,Total, Gallons ,Total, Gallons ,Total, Gallons ,$/gallon,Total, Total Sum of Gallons ,Total  ,Diesel Price Increase/Gallon,Unleaded Price Increase/Gallon,,,
2025,,,,,,,,,,,,,,,,,
Jan 2025,  300.37 ,$3.91,"$1,174.56",,,,,"  11,885.92 ",$3.38,"$40,189.76","  12,186.29 ","$41,364.32",,,,,
Feb,  229.10 ,$4.08,$934.34,,,,$77.89,"  11,593.29 ",$3.53,"$40,900.35","  11,822.39 ","$41,912.58",4.3%,4.3%,,,
Mar,  243.87 ,$3.87,$942.66,,,0,$142.74,"  12,327.33 ",$3.53,"$43,565.11","  12,571.20 ","$44,650.51",-5.2%,0.2%,,,
Apr,  238.43 ,$3.63,$866.08,,,,$73.07,"  13,209.64 ",$3.56,"$47,083.57","  13,448.07 ","$48,022.72",-6.0%,0.9%,,,
May,  272.55 ,$3.64,$991.98,,,,$66.29,"  14,466.76 ",$3.56,"$51,538.22","  14,739.31 ","$52,596.49",0.2%,-0.1%,,,
Jun,  249.20 ,$3.95,$983.73,,,0,$469.91,"  15,934.15 ",$3.50,"$55,751.82","  16,183.34 ","$57,205.46",8.5%,-1.8%,,,
Jul,  206.00 ,$3.89,$802.18,,,,$75.24,"  19,635.95 ",$3.43,"$67,298.26","  19,841.95 ","$68,175.68",-1.4%,-2.0%,,,
Aug,  330.84 ,$4.05,"$1,338.58",,,,,"  18,081.43 ",$3.44,"$62,252.93","  18,412.27 ","$63,591.51",3.9%,0.5%,,,
Sep,  262.97 ,$4.10,"$1,079.26",,,0,$164.43,"  18,544.31 ",$3.45,"$63,916.81","  18,807.28 ","$65,160.50",1.4%,0.1%,,,
Oct,  251.63 ,$3.70,$931.01,,,,,"  19,548.50 ",$3.27,"$63,953.98","  19,800.13 ","$64,884.99",-9.8%,-5.1%,,,
Nov,  376.51 ,$4.27,"$1,606.99",,,0,$203.86,"  15,635.29 ",$3.38,"$52,860.65","  16,011.80 ","$54,671.50",15.4%,3.3%,,,
Dec,  655.42 ,$4.52,"$2,963.92",  4.73 ,$23.42,0,$63.93,"  15,270.54 ",$3.17,"$48,429.14","  15,930.69 ","$51,480.41",6.0%,-6.2%,,,
Jan 2026,  507.81 ,$3.99,"$2,027.36",,,,,"  14,518.48 ",$3.06,"$44,409.72","  15,026.29 ","$46,437.08",-11.7%,-3.5%,,,
Feb,  627.68 ,$4.23,"$2,656.02",,,,$86.50,"  13,780.56 ",$3.21,"$44,245.39","  14,408.25 ","$46,987.91",6.0%,5.0%,,,
Mar,  756.19 ,$5.73,"$4,334.16",,,24.13,$204.99,"  17,591.21 ",$4.06,"$71,340.08","  18,371.54 ","$75,879.23",35.5%,26.3%,,,
,,,,,,,,,,,,,,,,,
,,,,,,,,,,,,,,,,,
,,,,,,,,,,,,,,,,,
,,,,,,,,,,,,,,,,,
"SCCR, Plumbing & SSRFG Combined",,,,,,,,,,,,,,,,,
,Diesel,,,Diesel Exhaust Fluid,,Other,,Unleaded,,,,,,,,,
Month, Gallons ,$/gallon,Total, Gallons ,Total, Gallons ,Total, Gallons ,$/gallon,Total, Total Sum of Gallons ,Total  ,Diesel Price Increase/Gallon,Unleaded Price Increase/Gallon,$/gallon,Price Using Prior Month,Differene using pror month price
2025,,,,,,,,,,,,,,,,,
Jan 2025,  355.77 ,$3.96,"$1,407.68",,,  -   ,$612.05,"  25,183.88 ",$3.69,"$92,899.81","  25,539.64 ","$94,919.54",,,,,
Feb,  335.85 ,$4.08,"$1,369.60",,,  -   ,$297.77,"  23,427.05 ",$3.88,"$90,920.27","  23,762.90 ","$92,587.64",3.1%,5.2%,$3.90,$0.00,"$92,587.64"
Mar,  380.02 ,$4.15,"$1,575.17",,,  -   ,$231.37,"  26,088.73 ",$3.88,"$101,168.09","  26,468.75 ","$102,974.63",1.6%,-0.1%,$3.89,"$103,130.47",-$155.84
Apr,  401.24 ,$3.97,"$1,593.78",,,  -   ,$382.91,"  28,262.12 ",$4.01,"$113,437.91","  28,663.36 ","$115,414.60",-4.2%,3.5%,$4.03,"$111,512.58","$3,902.02"
May,  588.50 ,$4.13,"$2,431.07",,,  -   ,$280.15,"  30,558.52 ",$3.98,"$121,693.28","  31,147.02 ","$124,404.50",4.0%,-0.8%,$3.99,"$125,415.20","-$1,010.70"
Jun,  441.90 ,$4.29,"$1,895.59",,,  -   ,$767.41,"  31,384.16 ",$3.86,"$121,038.93","  31,826.06 ","$123,701.93",3.8%,-3.2%,$3.89,"$127,116.65","-$3,414.72"
Jul,  334.34 ,$4.07,"$1,361.66",,,  -   ,$229.55,"  36,874.55 ",$3.74,"$137,985.01","  37,208.88 ","$139,576.22",-5.1%,-3.0%,$3.75,"$144,623.97","-$5,047.75"
Aug,  522.15 ,$4.24,"$2,213.96",,,  -   ,$225.74,"  35,227.66 ",$3.80,"$133,806.55","  35,749.82 ","$136,246.25",4.1%,1.5%,$3.81,"$134,103.04","$2,143.21"
Sep,  498.49 ,$4.15,"$2,068.63",,,  -   ,$377.48,"  33,071.95 ",$3.83,"$126,649.87","  33,570.43 ","$129,095.98",-2.1%,0.8%,$3.85,"$127,940.39","$1,155.59"
Oct,  542.11 ,$4.18,"$2,265.99",,,  -   ,$78.32,"  35,275.61 ",$3.73,"$131,661.92","  35,817.72 ","$134,006.23",0.7%,-2.5%,$3.74,"$137,737.97","-$3,731.74"
Nov,  565.25 ,$4.38,"$2,475.36",,,  -   ,$313.88,"  27,061.08 ",$3.79,"$102,648.64","  27,626.33 ","$105,437.88",4.8%,1.6%,$3.82,"$103,359.46","$2,078.42"
Dec,"  1,017.65 ",$4.25,"$4,324.30",  4.73 ,$23.42,  -   ,$163.17,"  27,929.71 ",$3.56,"$99,508.02","  28,952.09 ","$104,018.91",-3.0%,-6.1%,$3.59,"$110,497.75","-$6,478.84"
Jan 2026,  821.78 ,$3.97,"$3,260.12",,,  19.39 ,$160.40,"  26,316.39 ",$3.43,"$90,325.23","  27,157.56 ","$93,745.75",-6.6%,-3.7%,$3.45,"$97,571.52","-$3,825.77"
Feb,  753.56 ,$4.21,"$3,174.02",,,  14.30 ,$203.32,"  24,462.80 ",$3.63,"$88,921.38","  25,230.66 ","$92,298.72",6.2%,5.9%,$3.66,"$87,094.27","$5,204.45"
Mar,  947.56 ,$5.82,"$5,518.77",,,  24.13 ,$512.20,"  30,156.31 ",$4.48,"$135,157.57","  31,159.53 ","$141,188.54",38.3%,23.3%,$4.53,"$113,987.68","$27,200.86"